student_id,full_name,gender,math_score,english_score,science_score,attendance_rate,term,gpa,risk_score,engagement_level
5506-350,Mary Smith,Male,92.0,14.0,71.0,74.98,2023_T1,59.0,50,Low
2424-704,Mary Moore,Female,82.0,86.0,74.0,83.95,2023_T1,80.66666666666667,0,Medium
4582-338,James Johnson,Male,99.0,23.0,2.0,78.37,2024_T1,41.333333333333336,0,Medium
7873-325,Patricia Moore,Female,1.0,87.0,29.0,60.82,2024_T1,39.0,51,Low
3615-814,Robert Smith,Female,63.0,59.0,20.0,68.49,2023_T2,47.333333333333336,50,Low
4527-881,Robert Williams,Female,57.0,21.0,88.0,84.7,2023_T1,55.333333333333336,0,Medium
2584-467,Mary Miller,Female,58.0,41.0,91.0,71.65,2024_T1,63.333333333333336,50,Low
8527-649,Robert Smith,Male,14.0,61.0,61.0,98.95,2023_T2,45.333333333333336,0,High
5803-949,Mary Moore,Female,50.0,54.0,63.0,91.41,2024_T1,55.666666666666664,0,High
1750-777,Patricia Johnson,Male,100.0,50.0,6.0,78.67,2023_T2,52.0,0,Medium
2654-489,Mary Jones,Female,38.0,17.0,3.0,66.82,2023_T2,19.333333333333332,51,Low
7065-463,Jennifer Williams,Male,13.0,8.0,89.0,97.69,2024_T1,36.666666666666664,1,High
3803-646,Robert Johnson,Male,83.0,91.0,59.0,63.91,2023_T1,77.66666666666667,50,Low
5422-755,Linda Miller,Male,7.0,46.0,34.0,64.88,2024_T1,29.0,51,Low
4752-941,Jennifer Smith,Male,35.0,49.0,3.0,96.37,2023_T2,29.0,1,High
2084-316,Michael Brown,Female,5.0,53.0,3.0,72.47,2023_T1,20.333333333333332,51,Low
8517-246,Linda Miller,Female,62.0,17.0,89.0,67.39,2023_T1,56.0,50,Low
9830-369,Patricia Moore,Female,73.0,61.0,99.0,77.99,2024_T1,77.66666666666667,0,Medium
4593-241,Michael Davis,Female,47.0,14.0,71.0,83.92,2023_T1,44.0,0,Medium
3504-742,James Johnson,Male,61.0,39.0,84.0,82.82,2024_T1,61.333333333333336,0,Medium
2040-494,Michael Taylor,Female,81.0,52.0,23.0,75.55,2024_T1,52.0,0,Medium
5119-666,Linda Moore,Male,59.0,40.0,28.0,74.27,2024_T1,42.333333333333336,50,Low
5371-887,Mary Moore,Female,64.0,88.0,70.0,92.09,2023_T1,74.0,0,High
3591-564,Robert Miller,Male,0.0,7.0,87.0,76.94,2024_T1,31.333333333333332,1,Medium
3927-619,Robert Moore,Male,80.0,7.0,34.0,60.56,2024_T1,40.333333333333336,50,Low
4258-256,Robert Moore,Female,4.0,40.0,27.0,91.61,2023_T1,23.666666666666668,1,High
1009-713,William Moore,Female,71.0,11.0,33.0,94.52,2023_T2,38.333333333333336,1,High
6947-999,James Johnson,Female,22.0,61.0,87.0,63.82,2023_T1,56.666666666666664,50,Low
2290-187,James Jones,Female,43.0,85.0,90.0,86.64,2023_T1,72.66666666666667,0,Medium
3103-775,William Williams,Female,98.0,100.0,46.0,82.45,2024_T1,81.33333333333333,0,Medium
9645-993,John Brown,Female,0.0,4.0,89.0,88.53,2023_T1,31.0,1,Medium
6107-508,William Jones,Female,13.0,26.0,8.0,69.44,2023_T2,15.666666666666666,51,Low
2982-353,William Wilson,Male,89.0,41.0,76.0,88.43,2023_T1,68.66666666666667,0,Medium
4770-702,Jennifer Smith,Male,95.0,51.0,95.0,68.07,2023_T1,80.33333333333333,50,Low
4750-169,Mary Smith,Male,100.0,22.0,14.0,87.82,2023_T2,45.333333333333336,0,Medium
4899-385,Mary Moore,Female,35.0,12.0,31.0,90.22,2023_T1,26.0,1,High
8744-348,William Williams,Female,85.0,27.0,65.0,83.95,2023_T2,59.0,0,Medium
2588-774,Patricia Johnson,Female,61.0,56.0,5.0,84.97,2023_T2,40.666666666666664,0,Medium
8651-984,Michael Miller,Male,43.0,83.0,29.0,78.26,2024_T1,51.666666666666664,0,Medium
7596-845,Mary Smith,Female,91.0,88.0,61.0,95.33,2023_T1,80.0,0,High
4116-649,Patricia Jones,Female,26.0,61.0,76.0,64.4,2023_T1,54.333333333333336,50,Low
5563-573,Michael Williams,Male,69.0,71.0,26.0,94.43,2023_T1,55.333333333333336,0,High
2604-151,Linda Moore,Male,36.0,96.0,50.0,76.7,2023_T1,60.666666666666664,0,Medium
7658-597,Patricia Williams,Female,23.0,78.0,58.0,70.78,2023_T1,53.0,50,Low
3697-488,Michael Smith,Male,95.0,87.0,51.0,72.93,2023_T2,77.66666666666667,50,Low
5673-533,Robert Wilson,Female,57.0,51.0,11.0,74.55,2023_T1,39.666666666666664,51,Low
4566-159,Patricia Brown,Male,1.0,2.0,100.0,70.07,2024_T1,34.333333333333336,51,Low
1821-698,Jennifer Smith,Female,80.0,58.0,1.0,71.39,2024_T1,46.333333333333336,50,Low
1931-620,William Williams,Male,53.0,86.0,100.0,80.11,2023_T1,79.66666666666667,0,Medium
2113-791,Mary Taylor,Male,0.0,18.0,1.0,73.8,2023_T2,6.333333333333333,51,Low
5033-692,Mary Taylor,Male,89.0,31.0,69.0,81.24,2024_T1,63.0,0,Medium
9565-423,Mary Miller,Female,67.0,54.0,74.0,69.68,2023_T1,65.0,50,Low
5351-505,Jennifer Jones,Male,16.0,37.0,23.0,74.79,2024_T1,25.333333333333332,51,Low
6180-869,Robert Wilson,Male,97.0,69.0,85.0,78.81,2023_T1,83.66666666666667,0,Medium
2638-175,Linda Taylor,Male,15.0,96.0,72.0,81.43,2024_T1,61.0,0,Medium
6718-170,Robert Williams,Male,69.0,79.0,92.0,72.83,2023_T2,80.0,50,Low
8179-953,Robert Williams,Female,58.0,35.0,18.0,94.33,2024_T1,37.0,1,High
5905-779,William Smith,Male,18.0,19.0,95.0,88.45,2023_T1,44.0,0,Medium
2753-860,Robert Johnson,Male,32.0,39.0,38.0,63.85,2023_T2,36.333333333333336,51,Low
4450-834,Robert Taylor,Female,0.0,10.0,91.0,97.47,2023_T1,33.666666666666664,1,High
9004-357,Robert Moore,Male,49.0,22.0,30.0,89.41,2023_T1,33.666666666666664,1,Medium
1722-103,Michael Brown,Female,98.0,6.0,15.0,95.09,2023_T1,39.666666666666664,1,High
8239-664,Robert Williams,Female,59.0,1.0,0.0,92.69,2024_T1,20.0,1,High
2232-807,James Johnson,Male,11.0,68.0,36.0,63.72,2024_T1,38.333333333333336,51,Low
3426-540,James Davis,Male,8.0,98.0,18.0,95.31,2023_T1,41.333333333333336,0,High
1653-466,Robert Davis,Male,2.0,19.0,23.0,89.04,2024_T1,14.666666666666666,1,Medium
6794-898,Patricia Johnson,Female,32.0,23.0,74.0,76.18,2024_T1,43.0,0,Medium
3662-919,John Jones,Male,35.0,37.0,83.0,97.43,2023_T2,51.666666666666664,0,High
6442-901,James Williams,Female,88.0,98.0,24.0,83.23,2024_T1,70.0,0,Medium
3608-906,Patricia Brown,Male,81.0,65.0,53.0,60.2,2023_T2,66.33333333333333,50,Low
4644-304,James Wilson,Female,60.0,40.0,99.0,77.94,2023_T2,66.33333333333333,0,Medium
4652-124,Robert Jones,Male,32.0,13.0,20.0,88.49,2023_T2,21.666666666666668,1,Medium
2137-891,Jennifer Brown,Female,7.0,6.0,66.0,67.15,2023_T2,26.333333333333332,51,Low
9785-439,William Miller,Male,32.0,47.0,75.0,86.3,2023_T1,51.333333333333336,0,Medium
5349-139,Robert Williams,Male,85.0,21.0,29.0,80.35,2024_T1,45.0,0,Medium
6139-546,Michael Davis,Male,50.0,53.0,7.0,98.92,2023_T2,36.666666666666664,1,High
5173-145,Elizabeth Jones,Female,97.0,20.0,29.0,85.25,2023_T1,48.666666666666664,0,Medium
4228-472,William Moore,Female,63.0,96.0,68.0,85.8,2023_T1,75.66666666666667,0,Medium
6143-779,Jennifer Taylor,Male,47.0,18.0,3.0,69.21,2024_T1,22.666666666666668,51,Low
6067-782,Robert Moore,Female,48.0,16.0,43.0,60.97,2023_T2,35.666666666666664,51,Low
3085-296,Michael Brown,Female,92.0,45.0,5.0,97.62,2024_T1,47.333333333333336,0,High
5930-515,Michael Williams,Male,36.0,23.0,92.0,74.81,2023_T2,50.333333333333336,50,Low
8043-904,Robert Jones,Female,52.0,94.0,98.0,77.13,2023_T2,81.33333333333333,0,Medium
4501-623,Linda Wilson,Female,62.0,84.0,31.0,99.21,2024_T1,59.0,0,High
5649-627,John Johnson,Female,66.0,17.0,24.0,94.05,2023_T1,35.666666666666664,1,High
4680-925,Patricia Brown,Male,53.0,57.0,66.0,75.79,2023_T1,58.666666666666664,0,Medium
5011-586,James Smith,Male,23.0,31.0,46.0,82.8,2023_T2,33.333333333333336,1,Medium
4185-835,Michael Taylor,Female,65.0,26.0,1.0,99.6,2023_T2,30.666666666666668,1,High
3417-771,Michael Jones,Male,32.0,8.0,42.0,72.9,2023_T1,27.333333333333332,51,Low
3881-923,Michael Jones,Female,38.0,92.0,41.0,88.36,2023_T1,57.0,0,Medium
2988-567,William Jones,Male,98.0,49.0,24.0,92.37,2023_T2,57.0,0,High
6198-873,William Moore,Female,59.0,6.0,56.0,84.46,2024_T1,40.333333333333336,0,Medium
9976-556,William Miller,Male,19.0,64.0,7.0,85.12,2024_T1,30.0,1,Medium
5246-869,Linda Wilson,Male,15.0,13.0,75.0,88.08,2024_T1,34.333333333333336,1,Medium
8939-741,Robert Moore,Male,14.0,91.0,97.0,95.46,2023_T2,67.33333333333333,0,High
5681-340,Linda Johnson,Female,86.0,62.0,85.0,63.76,2023_T2,77.66666666666667,50,Low
2320-241,Jennifer Moore,Male,57.0,62.0,61.0,73.13,2023_T1,60.0,50,Low
4505-165,Michael Williams,Female,57.0,57.0,85.0,71.46,2023_T2,66.33333333333333,50,Low
8633-525,Jennifer Moore,Male,41.0,69.0,14.0,70.01,2023_T1,41.333333333333336,50,Low
1320-977,Michael Miller,Female,59.0,100.0,96.0,74.41,2023_T2,85.0,50,Low
5892-871,James Davis,Female,59.0,4.0,67.0,93.11,2023_T2,43.333333333333336,0,High
4613-599,William Moore,Male,95.0,93.0,46.0,93.68,2023_T2,78.0,0,High
1475-498,Michael Wilson,Female,39.0,51.0,15.0,87.98,2024_T1,35.0,1,Medium
8657-230,Michael Williams,Male,29.0,18.0,16.0,99.03,2023_T2,21.0,1,High
1444-185,Elizabeth Taylor,Female,18.0,91.0,57.0,75.95,2023_T1,55.333333333333336,0,Medium
1823-366,Linda Williams,Female,100.0,89.0,61.0,63.14,2023_T2,83.33333333333333,50,Low
6355-445,Patricia Wilson,Female,8.0,11.0,0.0,93.44,2023_T2,6.333333333333333,1,High
2341-581,Michael Brown,Male,0.0,33.0,95.0,66.93,2024_T1,42.666666666666664,50,Low
6733-329,William Smith,Male,47.0,88.0,0.0,81.97,2024_T1,45.0,0,Medium
5051-304,James Smith,Male,63.0,62.0,68.0,98.19,2024_T1,64.33333333333333,0,High
3068-584,John Jones,Male,66.0,75.0,25.0,84.47,2024_T1,55.333333333333336,0,Medium
5198-885,Patricia Wilson,Female,100.0,85.0,56.0,74.24,2023_T1,80.33333333333333,50,Low
2876-896,Elizabeth Taylor,Male,91.0,68.0,46.0,73.68,2023_T2,68.33333333333333,50,Low
1420-419,Mary Taylor,Female,61.0,68.0,75.0,61.63,2023_T2,68.0,50,Low
4978-204,Patricia Johnson,Female,89.0,47.0,84.0,60.69,2024_T1,73.33333333333333,50,Low
1672-455,Elizabeth Johnson,Female,32.0,93.0,100.0,78.94,2024_T1,75.0,0,Medium
9289-763,Jennifer Johnson,Female,9.0,68.0,99.0,75.94,2023_T1,58.666666666666664,0,Medium
2729-543,Michael Wilson,Female,94.0,9.0,18.0,61.81,2024_T1,40.333333333333336,50,Low
8135-280,Linda Williams,Female,0.0,68.0,3.0,80.13,2024_T1,23.666666666666668,1,Medium
8616-546,William Wilson,Female,79.0,1.0,91.0,84.63,2023_T2,57.0,0,Medium
5569-561,Patricia Johnson,Male,90.0,83.0,23.0,83.43,2023_T2,65.33333333333333,0,Medium
7209-444,Elizabeth Taylor,Male,34.0,32.0,32.0,87.09,2023_T2,32.666666666666664,1,Medium
8988-317,Jennifer Williams,Female,42.0,100.0,11.0,92.45,2023_T2,51.0,0,High
5526-669,Jennifer Brown,Male,32.0,39.0,73.0,75.44,2024_T1,48.0,0,Medium
4954-837,Patricia Johnson,Female,28.0,12.0,11.0,68.27,2023_T2,17.0,51,Low
8800-761,William Jones,Female,1.0,34.0,86.0,64.03,2023_T2,40.333333333333336,50,Low
5820-326,James Johnson,Female,7.0,92.0,25.0,62.85,2024_T1,41.333333333333336,50,Low
7046-584,Patricia Brown,Female,33.0,6.0,67.0,87.26,2023_T2,35.333333333333336,1,Medium
6764-819,William Davis,Female,74.0,28.0,35.0,87.72,2023_T2,45.666666666666664,0,Medium
4777-223,Robert Brown,Male,35.0,9.0,100.0,76.72,2023_T2,48.0,0,Medium
4033-296,Mary Moore,Male,63.0,98.0,48.0,90.02,2024_T1,69.66666666666667,0,High
9595-711,Linda Brown,Female,35.0,81.0,95.0,89.27,2023_T1,70.33333333333333,0,Medium
4727-469,Patricia Brown,Male,61.0,95.0,36.0,73.63,2023_T2,64.0,50,Low
3073-380,James Moore,Male,54.0,12.0,22.0,69.54,2023_T1,29.333333333333332,51,Low
3068-753,William Brown,Female,29.0,16.0,61.0,90.18,2023_T1,35.333333333333336,1,High
5658-580,James Taylor,Female,88.0,85.0,12.0,79.86,2023_T2,61.666666666666664,0,Medium
1841-358,Jennifer Williams,Female,48.0,99.0,11.0,95.82,2023_T1,52.666666666666664,0,High
9056-175,Mary Miller,Male,18.0,75.0,8.0,98.34,2023_T1,33.666666666666664,1,High
5978-187,John Taylor,Male,77.0,94.0,51.0,72.77,2023_T1,74.0,50,Low
4697-894,William Miller,Female,15.0,68.0,98.0,82.94,2023_T2,60.333333333333336,0,Medium
8025-412,Linda Brown,Male,51.0,84.0,99.0,84.1,2024_T1,78.0,0,Medium
4457-370,Mary Jones,Male,15.0,56.0,38.0,97.85,2023_T1,36.333333333333336,1,High
2229-260,Patricia Williams,Male,41.0,57.0,38.0,63.65,2023_T2,45.333333333333336,50,Low
8699-398,Linda Taylor,Male,4.0,34.0,86.0,99.84,2023_T1,41.333333333333336,0,High
8438-172,Robert Brown,Male,74.0,17.0,75.0,81.84,2023_T2,55.333333333333336,0,Medium
7965-217,Elizabeth Jones,Male,57.0,16.0,6.0,87.52,2024_T1,26.333333333333332,1,Medium
3330-173,John Brown,Male,39.0,41.0,8.0,77.04,2023_T1,29.333333333333332,1,Medium
5728-549,Robert Taylor,Male,65.0,4.0,28.0,92.87,2023_T2,32.333333333333336,1,High
5460-612,Robert Miller,Female,82.0,7.0,64.0,63.39,2023_T2,51.0,50,Low
1653-542,Mary Taylor,Female,16.0,70.0,88.0,95.21,2024_T1,58.0,0,High
2496-334,Robert Smith,Male,35.0,69.0,30.0,83.68,2024_T1,44.666666666666664,0,Medium
1659-881,Robert Taylor,Male,53.0,38.0,90.0,79.27,2023_T2,60.333333333333336,0,Medium
5557-285,William Wilson,Female,18.0,38.0,66.0,69.95,2024_T1,40.666666666666664,50,Low
8700-456,Linda Johnson,Female,91.0,57.0,19.0,70.15,2023_T2,55.666666666666664,50,Low
3634-437,Jennifer Johnson,Female,60.0,38.0,0.0,64.75,2024_T1,32.666666666666664,51,Low
7561-933,Linda Brown,Male,91.0,61.0,62.0,87.24,2023_T2,71.33333333333333,0,Medium
5135-431,Mary Davis,Male,24.0,55.0,32.0,79.11,2023_T2,37.0,1,Medium
9889-573,William Smith,Female,5.0,57.0,43.0,68.94,2023_T1,35.0,51,Low
6927-737,Patricia Moore,Female,44.0,60.0,46.0,99.12,2024_T1,50.0,0,High
4335-373,Linda Smith,Male,84.0,74.0,100.0,95.65,2023_T2,86.0,0,High
2989-129,Linda Wilson,Male,18.0,19.0,56.0,70.12,2024_T1,31.0,51,Low
1224-665,John Brown,Female,48.0,13.0,14.0,80.92,2023_T1,25.0,1,Medium
8560-220,Patricia Johnson,Male,53.0,2.0,15.0,78.18,2023_T2,23.333333333333332,1,Medium
5479-525,Robert Moore,Female,74.0,11.0,73.0,89.48,2023_T2,52.666666666666664,0,Medium
3369-492,Patricia Wilson,Male,71.0,75.0,23.0,98.02,2024_T1,56.333333333333336,0,High
2143-382,William Williams,Female,7.0,91.0,35.0,84.81,2023_T2,44.333333333333336,0,Medium
1042-389,William Brown,Female,57.0,59.0,49.0,78.55,2024_T1,55.0,0,Medium
3434-557,Elizabeth Wilson,Female,100.0,40.0,99.0,70.64,2023_T2,79.66666666666667,50,Low
9903-486,Jennifer Moore,Female,62.0,16.0,72.0,99.45,2023_T2,50.0,0,High
7274-339,Patricia Jones,Female,83.0,76.0,91.0,72.38,2023_T1,83.33333333333333,50,Low
7246-495,Jennifer Wilson,Male,12.0,45.0,34.0,70.84,2023_T2,30.333333333333332,51,Low
9229-704,James Williams,Female,81.0,68.0,46.0,92.9,2023_T1,65.0,0,High
9617-567,Linda Johnson,Male,9.0,55.0,29.0,96.77,2024_T1,31.0,1,High
3529-176,John Miller,Female,4.0,32.0,64.0,94.64,2023_T2,33.333333333333336,1,High
7512-765,Jennifer Taylor,Male,48.0,10.0,84.0,79.21,2023_T2,47.333333333333336,0,Medium
6188-741,William Miller,Female,88.0,85.0,58.0,89.98,2024_T1,77.0,0,Medium
2121-340,James Taylor,Female,76.0,32.0,97.0,93.68,2023_T1,68.33333333333333,0,High
2612-878,Mary Miller,Male,0.0,20.0,54.0,61.47,2023_T2,24.666666666666668,51,Low
1474-147,John Brown,Female,80.0,68.0,94.0,94.59,2023_T1,80.66666666666667,0,High
7141-541,Robert Davis,Male,2.0,52.0,22.0,90.0,2023_T1,25.333333333333332,1,High
3950-274,William Miller,Male,36.0,73.0,73.0,90.76,2023_T1,60.666666666666664,0,High
4945-609,Elizabeth Miller,Male,84.0,77.0,72.0,75.11,2023_T1,77.66666666666667,0,Medium
8529-361,Linda Brown,Male,50.0,44.0,76.0,65.17,2023_T2,56.666666666666664,50,Low
3588-175,Robert Moore,Female,64.0,31.0,33.0,68.29,2023_T2,42.666666666666664,50,Low
7951-806,Elizabeth Brown,Female,71.0,38.0,25.0,74.33,2023_T2,44.666666666666664,50,Low
7302-973,Robert Jones,Female,53.0,2.0,49.0,79.93,2023_T1,34.666666666666664,1,Medium
6881-688,Patricia Miller,Female,53.0,4.0,93.0,94.09,2024_T1,50.0,0,High
7484-381,Robert Smith,Male,56.0,16.0,46.0,95.07,2024_T1,39.333333333333336,1,High
9138-952,James Taylor,Female,100.0,84.0,13.0,76.82,2023_T1,65.66666666666667,0,Medium
4588-751,Elizabeth Davis,Male,50.0,37.0,63.0,88.16,2024_T1,50.0,0,Medium
2591-742,Robert Williams,Male,37.0,49.0,97.0,60.58,2023_T2,61.0,50,Low
6977-849,Linda Smith,Male,78.0,90.0,50.0,85.47,2023_T1,72.66666666666667,0,Medium
7807-279,Robert Davis,Male,51.0,37.0,96.0,96.17,2023_T1,61.333333333333336,0,High
9697-613,William Davis,Female,29.0,50.0,80.0,91.35,2023_T1,53.0,0,High
5835-864,Robert Wilson,Female,3.0,9.0,55.0,97.98,2023_T1,22.333333333333332,1,High
3306-872,Linda Johnson,Male,16.0,83.0,87.0,93.68,2024_T1,62.0,0,High
6992-192,Michael Moore,Female,5.0,52.0,65.0,61.83,2023_T1,40.666666666666664,50,Low
3024-565,Robert Moore,Female,42.0,74.0,22.0,73.15,2024_T1,46.0,50,Low
7242-942,Robert Taylor,Female,94.0,74.0,15.0,65.12,2023_T1,61.0,50,Low
1410-734,Patricia Wilson,Female,3.0,55.0,24.0,85.63,2024_T1,27.333333333333332,1,Medium
8606-817,Patricia Johnson,Female,66.0,26.0,92.0,95.87,2024_T1,61.333333333333336,0,High
3290-146,Michael Johnson,Male,81.0,,41.0,92.87,2023_T2,61.0,0,High
2592-340,Linda Johnson,Male,89.0,45.0,33.0,78.43,2023_T2,55.666666666666664,0,Medium
9850-529,Linda Davis,Male,46.0,85.0,,63.69,2023_T2,65.5,50,Low
7686-386,Mary Wilson,Male,0.0,7.0,98.0,71.08,2024_T1,35.0,51,Low
8264-555,Jennifer Jones,Male,89.0,27.0,,79.38,2023_T2,58.0,0,Medium
9920-760,Mary Davis,Female,6.0,2.0,22.0,65.91,2023_T1,10.0,51,Low
4109-225,Michael Brown,Female,98.0,14.0,,77.9,2023_T1,56.0,0,Medium
1349-151,Patricia Taylor,Female,85.0,89.0,43.0,72.88,2023_T1,72.33333333333333,50,Low
4362-170,John Taylor,Male,17.0,99.0,85.0,74.2,2024_T1,67.0,50,Low
6383-892,Patricia Jones,Male,40.0,100.0,5.0,65.1,2024_T1,48.333333333333336,50,Low
3370-233,James Brown,Female,,100.0,32.0,79.93,2023_T1,66.0,0,Medium
3159-115,Mary Smith,Female,93.0,74.0,61.0,79.51,2023_T1,76.0,0,Medium
1258-278,Elizabeth Davis,Female,30.0,39.0,100.0,63.21,2023_T1,56.333333333333336,50,Low
9619-216,John Miller,Male,3.0,78.0,5.0,98.78,2023_T2,28.666666666666668,1,High
9408-707,Linda Davis,Male,65.0,78.0,74.0,92.83,2023_T2,72.33333333333333,0,High
1710-844,William Jones,Female,67.0,18.0,83.0,67.48,2023_T2,56.0,50,Low
8847-967,James Smith,Female,63.0,37.0,36.0,84.42,2023_T2,45.333333333333336,0,Medium
8267-175,Mary Wilson,Male,5.0,49.0,9.0,83.76,2023_T2,21.0,1,Medium
2076-229,Elizabeth Williams,Female,83.0,64.0,62.0,87.38,2024_T1,69.66666666666667,0,Medium
6327-490,Elizabeth Moore,Female,34.0,93.0,94.0,78.86,2023_T2,73.66666666666667,0,Medium
8048-201,William Taylor,Male,74.0,,33.0,64.97,2024_T1,53.5,50,Low
8046-562,William Jones,Male,63.0,92.0,71.0,82.98,2023_T2,75.33333333333333,0,Medium
7532-525,Jennifer Wilson,Male,36.0,4.0,82.0,93.01,2023_T2,40.666666666666664,0,High
5176-483,Michael Davis,Male,88.0,17.0,39.0,95.09,2024_T1,48.0,0,High
2494-951,Linda Johnson,Male,96.0,22.0,62.0,84.96,2023_T1,60.0,0,Medium
7105-931,Michael Johnson,Male,77.0,52.0,50.0,75.36,2024_T1,59.666666666666664,0,Medium
6400-786,James Taylor,Male,41.0,63.0,14.0,89.22,2023_T2,39.333333333333336,1,Medium
1842-394,Jennifer Miller,Female,28.0,37.0,56.0,82.93,2023_T2,40.333333333333336,0,Medium
9313-317,Mary Taylor,Male,85.0,65.0,9.0,61.34,2024_T1,53.0,50,Low
2773-458,Linda Jones,Female,46.0,99.0,87.0,81.46,2023_T1,77.33333333333333,0,Medium
4705-926,Robert Taylor,Female,67.0,75.0,44.0,79.45,2024_T1,62.0,0,Medium
1430-723,Elizabeth Taylor,Female,42.0,26.0,68.0,81.71,2023_T1,45.333333333333336,0,Medium
6062-447,John Brown,Female,22.0,46.0,89.0,69.09,2023_T1,52.333333333333336,50,Low
7566-171,John Williams,Male,88.0,96.0,59.0,80.24,2024_T1,81.0,0,Medium
9691-320,James Johnson,Female,36.0,,,91.6,2023_T2,36.0,1,High
3578-478,Linda Davis,Female,40.0,85.0,10.0,64.17,2024_T1,45.0,50,Low
2391-153,Jennifer Taylor,Male,53.0,86.0,56.0,93.56,2023_T1,65.0,0,High
2336-378,Elizabeth Smith,Female,46.0,72.0,,84.32,2024_T1,59.0,0,Medium
8242-524,Michael Wilson,Female,62.0,24.0,89.0,73.34,2023_T1,58.333333333333336,50,Low
6655-540,William Johnson,Male,16.0,42.0,58.0,89.5,2023_T2,38.666666666666664,1,Medium
9633-783,Elizabeth Wilson,Female,69.0,87.0,32.0,79.93,2023_T1,62.666666666666664,0,Medium
1897-107,Patricia Miller,Male,84.0,48.0,70.0,60.52,2023_T2,67.33333333333333,50,Low
5186-396,Patricia Williams,Female,62.0,60.0,48.0,94.43,2023_T1,56.666666666666664,0,High
8055-279,James Wilson,Male,55.0,82.0,,77.07,2023_T2,68.5,0,Medium
9196-672,William Jones,Female,39.0,18.0,17.0,78.88,2023_T1,24.666666666666668,1,Medium
8147-119,Michael Smith,Female,93.0,37.0,50.0,81.38,2023_T1,60.0,0,Medium
8033-687,Jennifer Taylor,Female,31.0,9.0,73.0,97.84,2024_T1,37.666666666666664,1,High
2887-514,Michael Brown,Male,31.0,,6.0,99.16,2023_T2,18.5,1,High
8538-951,John Taylor,Female,58.0,71.0,53.0,69.24,2023_T1,60.666666666666664,50,Low
4986-546,Michael Johnson,Female,7.0,33.0,34.0,82.27,2024_T1,24.666666666666668,1,Medium
6083-863,Mary Miller,Female,67.0,36.0,53.0,93.21,2023_T1,52.0,0,High
2251-622,Jennifer Williams,Male,6.0,32.0,22.0,60.52,2024_T1,20.0,51,Low
6724-459,William Jones,Male,81.0,1.0,0.0,85.72,2023_T1,27.333333333333332,1,Medium
5193-302,Mary Williams,Male,86.0,11.0,19.0,75.19,2024_T1,38.666666666666664,1,Medium
3902-891,John Johnson,Female,43.0,98.0,85.0,77.45,2023_T2,75.33333333333333,0,Medium
8354-797,Elizabeth Taylor,Female,86.0,95.0,80.0,99.41,2024_T1,87.0,0,High
8205-169,Jennifer Williams,Female,24.0,72.0,21.0,87.95,2023_T2,39.0,1,Medium
1920-460,Robert Brown,Male,86.0,36.0,74.0,66.87,2023_T2,65.33333333333333,50,Low
1616-158,Linda Wilson,Female,33.0,16.0,36.0,79.92,2023_T2,28.333333333333332,1,Medium
9307-493,Mary Johnson,Female,84.0,26.0,56.0,60.44,2024_T1,55.333333333333336,50,Low
8368-929,William Smith,Male,52.0,70.0,9.0,85.32,2023_T2,43.666666666666664,0,Medium
9214-254,Elizabeth Wilson,Male,63.0,,53.0,80.76,2023_T2,58.0,0,Medium
2381-616,Mary Davis,Male,20.0,10.0,39.0,69.81,2023_T1,23.0,51,Low
8199-636,Patricia Wilson,Male,53.0,97.0,54.0,84.42,2023_T2,68.0,0,Medium
7347-518,Jennifer Brown,Female,35.0,,82.0,68.6,2024_T1,58.5,50,Low
6482-167,Elizabeth Smith,Female,97.0,72.0,25.0,83.87,2023_T1,64.66666666666667,0,Medium
5655-358,William Miller,Male,60.0,,,76.51,2023_T2,60.0,0,Medium
3317-458,Mary Taylor,Female,50.0,93.0,97.0,60.09,2024_T1,80.0,50,Low
2388-417,Michael Williams,Female,16.0,73.0,56.0,98.48,2024_T1,48.333333333333336,0,High
9624-195,Jennifer Williams,Female,7.0,94.0,20.0,94.92,2024_T1,40.333333333333336,0,High
6940-416,Jennifer Smith,Male,81.0,88.0,11.0,99.22,2023_T1,60.0,0,High
4145-331,Jennifer Wilson,Male,9.0,15.0,70.0,61.58,2023_T1,31.333333333333332,51,Low
2657-619,Mary Brown,Male,78.0,6.0,8.0,72.51,2024_T1,30.666666666666668,51,Low
3147-711,Jennifer Taylor,Female,94.0,93.0,38.0,91.81,2023_T1,75.0,0,High
3712-838,John Williams,Female,23.0,98.0,59.0,86.01,2023_T1,60.0,0,Medium
4891-554,Michael Davis,Female,86.0,38.0,14.0,77.64,2024_T1,46.0,0,Medium
9749-344,Linda Jones,Female,32.0,15.0,41.0,89.51,2023_T2,29.333333333333332,1,Medium
8218-572,Patricia Davis,Female,12.0,12.0,17.0,99.61,2023_T2,13.666666666666666,1,High
7859-265,William Moore,Male,61.0,92.0,61.0,74.03,2024_T1,71.33333333333333,50,Low
1854-756,John Brown,Female,9.0,29.0,24.0,99.36,2023_T2,20.666666666666668,1,High
9452-971,William Johnson,Male,44.0,13.0,29.0,60.13,2023_T2,28.666666666666668,51,Low
5469-560,Mary Williams,Male,52.0,78.0,72.0,71.09,2023_T2,67.33333333333333,50,Low
8391-457,Mary Jones,Male,,60.0,100.0,98.26,2023_T2,80.0,0,High
9224-482,James Miller,Male,10.0,61.0,,97.79,2023_T2,35.5,1,High
4678-128,Mary Davis,Female,92.0,62.0,53.0,76.06,2023_T1,69.0,0,Medium
3254-139,Jennifer Williams,Female,89.0,40.0,2.0,67.06,2023_T2,43.666666666666664,50,Low
8349-730,John Wilson,Male,8.0,98.0,19.0,68.65,2023_T1,41.666666666666664,50,Low
4533-955,James Brown,Male,61.0,16.0,87.0,90.33,2024_T1,54.666666666666664,0,High
7934-213,Elizabeth Moore,Female,88.0,,67.0,89.91,2023_T1,77.5,0,Medium
1782-344,Robert Johnson,Female,,28.0,,70.62,2024_T1,28.0,51,Low
2029-213,Elizabeth Wilson,Female,,4.0,10.0,73.16,2024_T1,7.0,51,Low
9443-688,William Smith,Male,4.0,47.0,89.0,70.39,2024_T1,46.666666666666664,50,Low
8032-101,John Brown,Female,76.0,80.0,39.0,95.78,2023_T1,65.0,0,High
4068-780,Elizabeth Miller,Male,39.0,97.0,39.0,82.85,2024_T1,58.333333333333336,0,Medium
9618-657,Jennifer Johnson,Male,39.0,91.0,96.0,91.9,2023_T2,75.33333333333333,0,High
7338-482,Linda Smith,Female,52.0,41.0,99.0,69.55,2024_T1,64.0,50,Low
2106-453,James Davis,Male,,30.0,22.0,95.23,2024_T1,26.0,1,High
6447-236,Mary Taylor,Male,81.0,99.0,,96.35,2023_T2,90.0,0,High
3868-950,William Davis,Female,45.0,26.0,,71.48,2024_T1,35.5,51,Low
3209-164,Linda Williams,Female,,82.0,29.0,92.75,2023_T1,55.5,0,High
1717-910,Robert Jones,Male,78.0,93.0,36.0,75.69,2023_T1,69.0,0,Medium
9444-507,Jennifer Brown,Female,90.0,63.0,16.0,62.71,2023_T2,56.333333333333336,50,Low
5687-465,James Jones,Male,81.0,49.0,13.0,62.32,2024_T1,47.666666666666664,50,Low
3039-918,Jennifer Brown,Female,,6.0,28.0,65.2,2023_T2,17.0,51,Low
7334-447,Michael Wilson,Male,57.0,86.0,25.0,90.82,2023_T2,56.0,0,High
9507-373,Linda Davis,Male,38.0,14.0,,64.09,2024_T1,26.0,51,Low
8055-716,Michael Johnson,Male,21.0,74.0,,87.22,2024_T1,47.5,0,Medium
2680-181,Robert Davis,Female,46.0,79.0,100.0,89.25,2024_T1,75.0,0,Medium
8305-717,Robert Brown,Female,0.0,57.0,,99.36,2023_T1,28.5,1,High
8325-143,Linda Davis,Female,11.0,17.0,14.0,86.07,2024_T1,14.0,1,Medium
1939-176,Michael Brown,Female,92.0,52.0,7.0,68.15,2023_T2,50.333333333333336,50,Low
1510-246,William Williams,Female,63.0,43.0,52.0,85.05,2023_T1,52.666666666666664,0,Medium
4866-897,John Johnson,Female,93.0,77.0,70.0,78.48,2023_T2,80.0,0,Medium
1530-719,Michael Taylor,Male,59.0,62.0,85.0,68.02,2024_T1,68.66666666666667,50,Low
7095-554,Linda Davis,Male,76.0,80.0,71.0,72.41,2024_T1,75.66666666666667,50,Low
7012-507,John Moore,Female,37.0,31.0,10.0,98.99,2024_T1,26.0,1,High
2858-126,Robert Jones,Male,85.0,50.0,87.0,61.58,2023_T2,74.0,50,Low
2929-368,William Miller,Female,53.0,85.0,,60.73,2024_T1,69.0,50,Low
5678-810,Linda Jones,Female,1.0,,32.0,73.06,2023_T1,16.5,51,Low
2213-562,Mary Williams,Male,65.0,37.0,89.0,74.31,2024_T1,63.666666666666664,50,Low
6236-783,Linda Johnson,Female,48.0,,60.0,66.7,2024_T1,54.0,50,Low
9882-397,Mary Moore,Female,31.0,40.0,75.0,62.08,2023_T1,48.666666666666664,50,Low
9335-329,John Davis,Male,6.0,74.0,83.0,73.58,2023_T1,54.333333333333336,50,Low
9094-126,John Jones,Female,,,13.0,79.24,2024_T1,13.0,1,Medium
8657-922,Elizabeth Davis,Male,44.0,18.0,54.0,66.38,2024_T1,38.666666666666664,51,Low
6067-507,Mary Johnson,Female,31.0,50.0,43.0,77.35,2024_T1,41.333333333333336,0,Medium
2208-228,Michael Miller,Female,58.0,2.0,,99.85,2024_T1,30.0,1,High
8632-796,Mary Wilson,Female,96.0,6.0,75.0,61.23,2023_T1,59.0,50,Low
3981-886,William Taylor,Male,36.0,3.0,,93.85,2023_T2,19.5,1,High
3034-630,William Smith,Male,95.0,35.0,97.0,94.68,2023_T2,75.66666666666667,0,High
6286-826,John Williams,Male,41.0,57.0,11.0,76.87,2023_T2,36.333333333333336,1,Medium
2292-356,William Brown,Male,25.0,7.0,99.0,69.43,2024_T1,43.666666666666664,50,Low
3050-740,William Brown,Female,36.0,68.0,37.0,98.86,2024_T1,47.0,0,High
9234-756,William Johnson,Male,,83.0,1.0,77.81,2024_T1,42.0,0,Medium
3804-774,Elizabeth Williams,Female,34.0,100.0,4.0,75.96,2024_T1,46.0,0,Medium
2330-146,James Smith,Female,46.0,30.0,10.0,98.79,2024_T1,28.666666666666668,1,High
7825-732,Patricia Taylor,Male,75.0,93.0,0.0,77.95,2023_T2,56.0,0,Medium
5949-594,William Brown,Male,83.0,27.0,36.0,70.1,2024_T1,48.666666666666664,50,Low
8430-174,Michael Brown,Male,55.0,27.0,,88.22,2023_T1,41.0,0,Medium
8933-575,Linda Miller,Male,,36.0,19.0,99.47,2023_T2,27.5,1,High
6121-982,Elizabeth Williams,Female,58.0,,32.0,67.2,2024_T1,45.0,50,Low
3142-878,Jennifer Miller,Female,87.0,42.0,97.0,99.47,2024_T1,75.33333333333333,0,High
6228-347,William Johnson,Female,42.0,49.0,,70.17,2023_T1,45.5,50,Low
5061-244,Robert Wilson,Male,79.0,,7.0,72.32,2023_T1,43.0,50,Low
7850-354,Robert Miller,Male,4.0,85.0,46.0,77.75,2023_T2,45.0,0,Medium
4110-881,Elizabeth Davis,Male,81.0,16.0,,87.33,2023_T2,48.5,0,Medium
9171-415,William Wilson,Female,45.0,67.0,32.0,97.24,2023_T1,48.0,0,High
9281-568,Mary Miller,Male,89.0,61.0,91.0,86.68,2023_T1,80.33333333333333,0,Medium
1797-151,Elizabeth Davis,Female,88.0,47.0,12.0,94.66,2023_T2,49.0,0,High
5681-649,Elizabeth Wilson,Male,3.0,18.0,69.0,95.14,2023_T1,30.0,1,High
5333-844,Michael Williams,Female,0.0,87.0,53.0,94.76,2023_T2,46.666666666666664,0,High
7563-152,Jennifer Smith,Male,14.0,20.0,18.0,84.39,2023_T2,17.333333333333332,1,Medium
2204-495,William Brown,Female,43.0,89.0,10.0,74.93,2024_T1,47.333333333333336,50,Low
2946-231,Robert Taylor,Male,2.0,84.0,25.0,78.54,2023_T2,37.0,1,Medium
6990-873,Jennifer Davis,Male,24.0,11.0,4.0,92.55,2023_T1,13.0,1,High
7576-612,Elizabeth Moore,Male,47.0,86.0,69.0,84.32,2023_T1,67.33333333333333,0,Medium
6456-923,James Williams,Female,79.0,46.0,,92.9,2024_T1,62.5,0,High
9446-243,Linda Williams,Female,85.0,18.0,33.0,97.38,2024_T1,45.333333333333336,0,High
7438-731,Jennifer Williams,Female,28.0,,34.0,86.8,2024_T1,31.0,1,Medium
9351-645,Jennifer Moore,Female,76.0,3.0,89.0,76.0,2024_T1,56.0,0,Medium
8780-935,Elizabeth Brown,Male,12.0,30.0,70.0,67.26,2023_T2,37.333333333333336,51,Low
7824-697,Jennifer Johnson,Female,83.0,67.0,6.0,96.71,2024_T1,52.0,0,High
8775-371,James Taylor,Male,12.0,21.0,20.0,64.49,2024_T1,17.666666666666668,51,Low
8871-274,James Taylor,Female,41.0,71.0,23.0,84.44,2023_T1,45.0,0,Medium
2800-295,Patricia Smith,Male,18.0,99.0,59.0,70.99,2023_T2,58.666666666666664,50,Low
3481-522,Jennifer Miller,Male,54.0,68.0,46.0,65.99,2023_T2,56.0,50,Low
8726-993,William Taylor,Male,21.0,47.0,36.0,81.41,2024_T1,34.666666666666664,1,Medium
4397-674,John Moore,Female,77.0,76.0,56.0,69.28,2024_T1,69.66666666666667,50,Low
7173-421,Linda Moore,Male,66.0,,38.0,87.81,2023_T2,52.0,0,Medium
9950-462,William Davis,Female,67.0,89.0,41.0,92.75,2024_T1,65.66666666666667,0,High
5038-385,Linda Jones,Female,35.0,2.0,72.0,85.81,2023_T1,36.333333333333336,1,Medium
4396-806,Robert Brown,Female,48.0,,1.0,62.78,2023_T2,24.5,51,Low
5480-394,Linda Davis,Male,71.0,49.0,66.0,70.85,2024_T1,62.0,50,Low
7464-938,William Miller,Female,86.0,43.0,1.0,86.78,2023_T1,43.333333333333336,0,Medium
5712-831,Robert Smith,Male,21.0,43.0,57.0,73.34,2023_T2,40.333333333333336,50,Low
8849-319,Linda Brown,Male,79.0,61.0,29.0,68.04,2024_T1,56.333333333333336,50,Low
5450-240,Robert Moore,Male,83.0,2.0,15.0,86.6,2024_T1,33.333333333333336,1,Medium
4972-151,Elizabeth Jones,Male,83.0,64.0,,60.8,2024_T1,73.5,50,Low
2641-523,Patricia Smith,Female,32.0,15.0,,90.21,2024_T1,23.5,1,High
3252-105,Linda Johnson,Male,65.0,84.0,1.0,72.13,2023_T2,50.0,50,Low
4267-874,Linda Wilson,Female,22.0,25.0,67.0,75.88,2023_T2,38.0,1,Medium
2465-767,Robert Smith,Male,59.0,100.0,11.0,82.98,2024_T1,56.666666666666664,0,Medium
7846-957,James Williams,Male,87.0,29.0,77.0,75.22,2023_T1,64.33333333333333,0,Medium
4052-866,Michael Wilson,Female,20.0,34.0,65.0,63.24,2023_T1,39.666666666666664,51,Low
2758-443,James Brown,Female,9.0,24.0,65.0,82.92,2023_T2,32.666666666666664,1,Medium
9092-237,William Moore,Female,79.0,53.0,51.0,79.48,2023_T2,61.0,0,Medium
6417-266,Patricia Johnson,Female,7.0,20.0,,74.7,2024_T1,13.5,51,Low
1230-854,Robert Williams,Female,95.0,91.0,12.0,91.07,2023_T2,66.0,0,High
3875-725,Elizabeth Jones,Female,31.0,92.0,42.0,94.06,2023_T2,55.0,0,High
2421-510,William Davis,Male,82.0,33.0,9.0,62.45,2023_T1,41.333333333333336,50,Low
6301-354,John Wilson,Male,78.0,72.0,86.0,84.78,2023_T2,78.66666666666667,0,Medium
8319-871,Michael Jones,Female,,79.0,15.0,72.13,2023_T2,47.0,50,Low
1187-367,Robert Taylor,Female,51.0,92.0,51.0,92.56,2024_T1,64.66666666666667,0,High
2936-576,Patricia Smith,Female,62.0,61.0,98.0,91.68,2023_T1,73.66666666666667,0,High
6095-806,Michael Moore,Male,85.0,4.0,,89.34,2024_T1,44.5,0,Medium
4618-324,Robert Davis,Male,9.0,86.0,57.0,70.39,2023_T2,50.666666666666664,50,Low
7121-525,John Wilson,Female,,,81.0,93.37,2024_T1,81.0,0,High
2341-638,Patricia Jones,Female,10.0,,20.0,70.63,2024_T1,15.0,51,Low
2838-163,Jennifer Johnson,Male,51.0,81.0,98.0,66.0,2024_T1,76.66666666666667,50,Low
3695-435,William Williams,Female,12.0,63.0,16.0,91.4,2023_T1,30.333333333333332,1,High
9008-193,Patricia Taylor,Female,40.0,0.0,1.0,86.35,2023_T1,13.666666666666666,1,Medium
9409-525,Linda Williams,Female,28.0,96.0,9.0,77.5,2024_T1,44.333333333333336,0,Medium
8575-788,James Moore,Female,59.0,20.0,27.0,97.21,2024_T1,35.333333333333336,1,High
5169-936,James Miller,Male,33.0,7.0,58.0,85.49,2024_T1,32.666666666666664,1,Medium
2196-146,Patricia Taylor,Female,48.0,78.0,16.0,78.0,2023_T2,47.333333333333336,0,Medium
1987-170,Mary Moore,Female,87.0,44.0,82.0,62.67,2023_T1,71.0,50,Low
3948-887,Robert Miller,Male,43.0,64.0,86.0,64.23,2024_T1,64.33333333333333,50,Low
7266-559,Michael Davis,Female,76.0,71.0,86.0,87.21,2023_T2,77.66666666666667,0,Medium
3178-769,Mary Moore,Female,50.0,23.0,98.0,88.65,2023_T1,57.0,0,Medium
7439-641,John Moore,Male,4.0,19.0,20.0,60.48,2024_T1,14.333333333333334,51,Low
1372-405,Patricia Smith,Female,30.0,99.0,10.0,75.5,2024_T1,46.333333333333336,0,Medium
9715-488,William Miller,Male,82.0,6.0,27.0,98.83,2023_T1,38.333333333333336,1,High
3541-382,Linda Davis,Male,57.0,4.0,4.0,74.19,2024_T1,21.666666666666668,51,Low
7868-729,Mary Smith,Male,95.0,7.0,63.0,86.41,2023_T1,55.0,0,Medium
2653-708,Patricia Johnson,Male,95.0,91.0,80.0,76.97,2023_T2,88.66666666666667,0,Medium
5009-858,Elizabeth Smith,Male,24.0,72.0,65.0,71.82,2023_T2,53.666666666666664,50,Low
9843-322,Linda Jones,Male,66.0,48.0,35.0,86.69,2023_T1,49.666666666666664,0,Medium
4836-935,William Brown,Female,77.0,40.0,88.0,84.6,2024_T1,68.33333333333333,0,Medium
4881-409,Elizabeth Davis,Male,61.0,9.0,20.0,81.21,2024_T1,30.0,1,Medium
7775-407,William Jones,Female,90.0,1.0,12.0,65.01,2023_T1,34.333333333333336,51,Low
3869-741,William Taylor,Female,94.0,15.0,31.0,83.3,2024_T1,46.666666666666664,0,Medium
6642-758,Linda Smith,Female,97.0,10.0,9.0,84.66,2024_T1,38.666666666666664,1,Medium
7688-252,Jennifer Miller,Female,39.0,17.0,54.0,73.53,2023_T2,36.666666666666664,51,Low
8758-346,John Moore,Male,58.0,77.0,88.0,63.8,2023_T2,74.33333333333333,50,Low
1944-675,John Wilson,Female,29.0,83.0,84.0,66.55,2023_T2,65.33333333333333,50,Low
3196-497,William Moore,Male,50.0,45.0,20.0,87.04,2023_T2,38.333333333333336,1,Medium
2295-560,Patricia Davis,Female,31.0,93.0,38.0,71.44,2023_T1,54.0,50,Low
1844-374,William Jones,Female,46.0,17.0,20.0,93.86,2024_T1,27.666666666666668,1,High
1647-994,Elizabeth Taylor,Male,20.0,7.0,45.0,90.2,2023_T1,24.0,1,High
4555-590,Elizabeth Moore,Male,6.0,22.0,95.0,89.14,2023_T2,41.0,0,Medium
4470-294,Robert Smith,Male,85.0,21.0,88.0,67.1,2024_T1,64.66666666666667,50,Low
4350-506,Linda Jones,Male,28.0,12.0,81.0,97.5,2024_T1,40.333333333333336,0,High
7236-577,Jennifer Brown,Female,84.0,78.0,51.0,64.32,2023_T2,71.0,50,Low
9401-609,Robert Davis,Female,94.0,78.0,22.0,92.71,2023_T1,64.66666666666667,0,High
4328-479,Linda Davis,Female,76.0,21.0,42.0,93.63,2023_T2,46.333333333333336,0,High
4625-859,James Taylor,Male,96.0,55.0,2.0,90.33,2023_T1,51.0,0,High
7841-402,Robert Moore,Male,18.0,22.0,28.0,71.9,2023_T1,22.666666666666668,51,Low
7223-683,Jennifer Jones,Male,24.0,100.0,7.0,63.75,2023_T2,43.666666666666664,50,Low
5216-881,William Davis,Female,15.0,71.0,0.0,78.46,2024_T1,28.666666666666668,1,Medium
3756-850,Linda Wilson,Female,2.0,64.0,3.0,89.67,2023_T1,23.0,1,Medium
9000-288,John Moore,Male,95.0,63.0,97.0,63.97,2024_T1,85.0,50,Low
1794-882,James Johnson,Male,9.0,20.0,45.0,68.16,2023_T2,24.666666666666668,51,Low
2113-824,John Jones,Male,26.0,65.0,40.0,84.64,2023_T1,43.666666666666664,0,Medium
8471-482,Patricia Moore,Male,8.0,35.0,85.0,75.01,2024_T1,42.666666666666664,0,Medium
8993-116,Elizabeth Wilson,Male,57.0,53.0,11.0,93.92,2024_T1,40.333333333333336,0,High
1194-117,William Miller,Female,13.0,33.0,52.0,89.83,2024_T1,32.666666666666664,1,Medium
9228-932,Robert Smith,Female,74.0,15.0,94.0,74.72,2023_T1,61.0,50,Low
9591-252,Mary Johnson,Male,55.0,82.0,100.0,72.22,2023_T1,79.0,50,Low
5135-934,Elizabeth Moore,Female,3.0,19.0,9.0,64.99,2023_T2,10.333333333333334,51,Low
7112-515,Michael Johnson,Female,98.0,25.0,36.0,95.45,2024_T1,53.0,0,High
5914-800,Patricia Jones,Male,53.0,20.0,73.0,86.52,2024_T1,48.666666666666664,0,Medium
7640-488,James Johnson,Female,3.0,59.0,56.0,84.78,2024_T1,39.333333333333336,1,Medium
1154-819,Linda Smith,Male,16.0,70.0,3.0,75.51,2023_T1,29.666666666666668,1,Medium
6427-679,Linda Miller,Male,2.0,87.0,100.0,80.4,2024_T1,63.0,0,Medium
4463-988,James Jones,Female,54.0,3.0,23.0,83.2,2023_T2,26.666666666666668,1,Medium
5593-656,James Johnson,Male,81.0,18.0,30.0,87.06,2023_T1,43.0,0,Medium
4394-701,Jennifer Smith,Male,18.0,48.0,62.0,60.92,2024_T1,42.666666666666664,50,Low
5903-266,Michael Johnson,Male,21.0,23.0,75.0,63.08,2024_T1,39.666666666666664,51,Low
6435-493,Michael Moore,Male,30.0,99.0,63.0,91.4,2024_T1,64.0,0,High
6666-154,Mary Moore,Male,44.0,99.0,93.0,80.81,2023_T2,78.66666666666667,0,Medium
6580-719,Patricia Johnson,Female,54.0,96.0,17.0,73.13,2023_T2,55.666666666666664,50,Low
8381-602,James Brown,Male,91.0,46.0,74.0,74.86,2023_T2,70.33333333333333,50,Low
8075-290,William Miller,Female,44.0,32.0,16.0,89.34,2023_T1,30.666666666666668,1,Medium
5037-830,Elizabeth Brown,Male,19.0,46.0,90.0,85.5,2023_T1,51.666666666666664,0,Medium
7225-828,Robert Williams,Male,46.0,77.0,74.0,87.44,2024_T1,65.66666666666667,0,Medium
6909-209,Michael Davis,Male,89.0,15.0,68.0,89.6,2023_T1,57.333333333333336,0,Medium
6896-879,Robert Wilson,Female,60.0,9.0,49.0,67.38,2023_T1,39.333333333333336,51,Low
4070-541,John Johnson,Female,93.0,69.0,80.0,66.61,2024_T1,80.66666666666667,50,Low
7685-205,William Moore,Male,50.0,18.0,41.0,97.18,2023_T1,36.333333333333336,1,High
2524-711,Jennifer Moore,Female,25.0,68.0,92.0,94.11,2023_T2,61.666666666666664,0,High
7779-497,James Brown,Male,83.0,48.0,20.0,78.47,2024_T1,50.333333333333336,0,Medium
9537-273,William Jones,Female,4.0,99.0,69.0,78.33,2023_T1,57.333333333333336,0,Medium
5933-374,John Brown,Female,38.0,34.0,0.0,85.25,2023_T1,24.0,1,Medium
8121-382,Mary Williams,Female,99.0,69.0,40.0,91.21,2023_T2,69.33333333333333,0,High
6916-357,Linda Johnson,Male,59.0,59.0,56.0,66.36,2024_T1,58.0,50,Low
4203-568,Linda Taylor,Male,23.0,88.0,35.0,90.06,2023_T1,48.666666666666664,0,High
7483-440,Robert Smith,Female,23.0,29.0,85.0,60.54,2023_T2,45.666666666666664,50,Low
8055-935,Linda Davis,Male,34.0,54.0,91.0,70.47,2023_T2,59.666666666666664,50,Low
4290-590,Jennifer Taylor,Female,9.0,79.0,15.0,91.49,2023_T1,34.333333333333336,1,High
5775-852,Michael Davis,Female,88.0,76.0,69.0,90.38,2024_T1,77.66666666666667,0,High
7161-387,Patricia Davis,Female,44.0,99.0,55.0,62.61,2023_T2,66.0,50,Low
4273-706,Mary Taylor,Male,81.0,56.0,20.0,61.86,2024_T1,52.333333333333336,50,Low
8563-825,William Smith,Male,32.0,90.0,6.0,81.3,2023_T2,42.666666666666664,0,Medium
7703-789,Robert Johnson,Female,14.0,81.0,31.0,63.46,2023_T1,42.0,50,Low
5139-774,Robert Jones,Male,19.0,87.0,14.0,86.55,2024_T1,40.0,0,Medium
2211-559,Michael Miller,Female,20.0,41.0,25.0,95.29,2024_T1,28.666666666666668,1,High
9300-990,Michael Moore,Female,13.0,56.0,36.0,76.75,2024_T1,35.0,1,Medium
9796-708,James Davis,Male,81.0,68.0,2.0,99.25,2023_T1,50.333333333333336,0,High
3725-762,Patricia Davis,Male,36.0,87.0,48.0,89.01,2024_T1,57.0,0,Medium
8052-208,Michael Davis,Male,88.0,84.0,11.0,78.56,2023_T1,61.0,0,Medium
9366-864,Robert Jones,Male,40.0,32.0,49.0,73.98,2023_T2,40.333333333333336,50,Low
8586-890,Jennifer Miller,Male,70.0,85.0,32.0,88.8,2023_T2,62.333333333333336,0,Medium
2712-402,James Wilson,Female,60.0,60.0,97.0,80.94,2023_T1,72.33333333333333,0,Medium
6707-419,Mary Williams,Female,42.0,40.0,38.0,76.16,2023_T2,40.0,0,Medium
8912-456,Patricia Moore,Female,16.0,97.0,69.0,88.31,2023_T1,60.666666666666664,0,Medium
6225-168,Linda Wilson,Female,97.0,64.0,73.0,69.05,2023_T1,78.0,50,Low
6620-763,Mary Smith,Male,1.0,21.0,56.0,66.63,2024_T1,26.0,51,Low
9454-278,John Jones,Male,97.0,15.0,50.0,86.76,2023_T2,54.0,0,Medium
8570-337,William Miller,Female,85.0,75.0,87.0,86.04,2024_T1,82.33333333333333,0,Medium
8080-505,John Williams,Male,37.0,59.0,58.0,91.48,2024_T1,51.333333333333336,0,High
8365-706,Elizabeth Jones,Female,63.0,62.0,48.0,78.37,2023_T2,57.666666666666664,0,Medium
4371-385,James Jones,Male,6.0,20.0,19.0,68.05,2024_T1,15.0,51,Low
4063-474,Mary Moore,Female,67.0,85.0,14.0,81.79,2023_T1,55.333333333333336,0,Medium
5298-786,Linda Johnson,Female,84.0,78.0,85.0,68.2,2024_T1,82.33333333333333,50,Low
7367-725,Jennifer Taylor,Female,13.0,26.0,39.0,66.46,2024_T1,26.0,51,Low
6766-965,Mary Davis,Female,25.0,62.0,65.0,99.4,2024_T1,50.666666666666664,0,High
2388-788,John Brown,Male,2.0,71.0,43.0,62.61,2023_T2,38.666666666666664,51,Low
6003-219,Mary Jones,Male,98.0,5.0,38.0,81.55,2023_T2,47.0,0,Medium
7364-528,John Moore,Male,88.0,49.0,42.0,86.27,2024_T1,59.666666666666664,0,Medium
4043-598,Michael Miller,Male,50.0,10.0,11.0,91.02,2024_T1,23.666666666666668,1,High
5732-243,John Wilson,Male,23.0,91.0,40.0,80.93,2023_T2,51.333333333333336,0,Medium
1878-986,Linda Taylor,Female,84.0,71.0,54.0,83.1,2023_T1,69.66666666666667,0,Medium
4196-934,Linda Williams,Female,14.0,47.0,81.0,85.71,2024_T1,47.333333333333336,0,Medium
7703-801,William Wilson,Female,83.0,69.0,11.0,66.32,2023_T2,54.333333333333336,50,Low
3740-184,Linda Wilson,Male,79.0,2.0,2.0,66.64,2023_T1,27.666666666666668,51,Low
5503-330,Robert Smith,Female,39.0,32.0,91.0,95.89,2023_T1,54.0,0,High
9115-662,Linda Taylor,Male,7.0,100.0,31.0,68.08,2024_T1,46.0,50,Low
9898-943,Mary Brown,Female,100.0,3.0,93.0,86.17,2024_T1,65.33333333333333,0,Medium
9951-323,James Wilson,Female,18.0,31.0,8.0,84.61,2023_T1,19.0,1,Medium
1528-560,Patricia Brown,Female,45.0,15.0,0.0,92.14,2023_T2,20.0,1,High
2923-894,Mary Wilson,Male,20.0,29.0,12.0,76.71,2023_T1,20.333333333333332,1,Medium
8015-269,Elizabeth Davis,Male,27.0,94.0,58.0,72.92,2023_T1,59.666666666666664,50,Low
6747-645,Patricia Smith,Female,26.0,68.0,24.0,66.49,2024_T1,39.333333333333336,51,Low
6302-820,William Williams,Female,67.0,24.0,19.0,63.72,2023_T2,36.666666666666664,51,Low
9428-795,Elizabeth Brown,Male,4.0,98.0,60.0,95.61,2023_T1,54.0,0,High
5543-987,Michael Smith,Male,8.0,49.0,5.0,73.47,2024_T1,20.666666666666668,51,Low
3396-828,John Jones,Female,43.0,10.0,65.0,88.41,2023_T1,39.333333333333336,1,Medium
3329-691,Michael Wilson,Female,72.0,84.0,87.0,92.87,2024_T1,81.0,0,High
8405-177,Michael Miller,Male,2.0,75.0,91.0,79.77,2023_T2,56.0,0,Medium
7046-565,William Brown,Female,20.0,27.0,89.0,81.02,2023_T2,45.333333333333336,0,Medium
2526-848,Elizabeth Smith,Female,84.0,34.0,51.0,64.03,2024_T1,56.333333333333336,50,Low
9756-507,Jennifer Johnson,Male,50.0,46.0,81.0,96.21,2023_T2,59.0,0,High
5399-430,Patricia Wilson,Female,56.0,22.0,47.0,89.95,2023_T2,41.666666666666664,0,Medium
3139-679,William Taylor,Female,16.0,68.0,10.0,83.09,2023_T2,31.333333333333332,1,Medium
2631-741,James Smith,Female,90.0,34.0,32.0,93.75,2023_T1,52.0,0,High
8230-567,Mary Williams,Male,15.0,33.0,65.0,65.05,2023_T2,37.666666666666664,51,Low
5945-262,Patricia Williams,Female,27.0,46.0,38.0,72.6,2023_T1,37.0,51,Low
2350-480,Jennifer Brown,Male,19.0,0.0,71.0,66.69,2023_T1,30.0,51,Low
4836-539,Michael Brown,Male,62.0,66.0,3.0,62.91,2024_T1,43.666666666666664,50,Low
4496-588,Mary Smith,Male,46.0,37.0,14.0,94.66,2023_T1,32.333333333333336,1,High
9510-796,Elizabeth Jones,Female,98.0,56.0,52.0,68.51,2023_T1,68.66666666666667,50,Low
2975-980,James Davis,Female,13.0,99.0,75.0,86.13,2024_T1,62.333333333333336,0,Medium
2160-334,John Wilson,Female,8.0,98.0,76.0,69.31,2023_T1,60.666666666666664,50,Low
6133-476,Mary Johnson,Female,96.0,5.0,90.0,95.95,2023_T1,63.666666666666664,0,High
3340-170,Michael Williams,Male,90.0,97.0,45.0,82.42,2024_T1,77.33333333333333,0,Medium
6753-839,John Wilson,Male,99.0,71.0,61.0,78.41,2024_T1,77.0,0,Medium
8248-980,John Miller,Male,29.0,77.0,83.0,75.22,2023_T1,63.0,0,Medium
3017-703,Mary Williams,Female,39.0,87.0,13.0,60.72,2023_T2,46.333333333333336,50,Low
3290-353,Michael Davis,Female,86.0,21.0,47.0,96.72,2024_T1,51.333333333333336,0,High
5668-897,Mary Jones,Male,50.0,2.0,41.0,88.31,2024_T1,31.0,1,Medium
9482-721,Robert Jones,Male,27.0,83.0,44.0,87.97,2024_T1,51.333333333333336,0,Medium
1894-902,Michael Brown,Male,62.0,72.0,18.0,98.51,2023_T2,50.666666666666664,0,High
4949-611,Michael Johnson,Male,13.0,37.0,52.0,94.91,2024_T1,34.0,1,High
6185-235,James Davis,Female,39.0,80.0,29.0,81.63,2024_T1,49.333333333333336,0,Medium
9951-799,Michael Davis,Male,32.0,51.0,88.0,61.84,2023_T2,57.0,50,Low
2106-114,Mary Smith,Female,52.0,98.0,58.0,92.98,2023_T1,69.33333333333333,0,High
7520-618,James Smith,Female,40.0,67.0,67.0,89.21,2024_T1,58.0,0,Medium
7939-818,William Miller,Female,1.0,85.0,40.0,95.09,2023_T1,42.0,0,High
3501-384,William Moore,Male,54.0,15.0,92.0,99.56,2023_T2,53.666666666666664,0,High
4329-927,Mary Moore,Male,47.0,29.0,11.0,93.53,2024_T1,29.0,1,High
2083-417,Jennifer Miller,Female,63.0,49.0,84.0,83.31,2024_T1,65.33333333333333,0,Medium
5005-188,Patricia Smith,Female,68.0,47.0,19.0,80.86,2023_T1,44.666666666666664,0,Medium
1901-416,Linda Taylor,Male,43.0,32.0,72.0,68.81,2023_T1,49.0,50,Low
1185-267,James Williams,Female,67.0,34.0,80.0,96.39,2023_T2,60.333333333333336,0,High
5247-270,William Moore,Female,95.0,64.0,7.0,62.59,2023_T1,55.333333333333336,50,Low
1480-443,Robert Johnson,Female,46.0,39.0,75.0,80.7,2023_T2,53.333333333333336,0,Medium
5308-829,William Johnson,Male,45.0,46.0,14.0,96.43,2023_T2,35.0,1,High
6900-156,Linda Moore,Female,25.0,51.0,92.0,84.08,2024_T1,56.0,0,Medium
3577-361,John Davis,Male,20.0,50.0,37.0,66.82,2024_T1,35.666666666666664,51,Low
9336-102,Mary Jones,Male,28.0,50.0,3.0,83.67,2023_T1,27.0,1,Medium
8729-472,Patricia Smith,Female,91.0,27.0,3.0,87.06,2023_T1,40.333333333333336,0,Medium
7870-329,John Smith,Female,44.0,66.0,85.0,75.38,2023_T1,65.0,0,Medium
5444-945,Michael Davis,Male,87.0,33.0,90.0,70.51,2024_T1,70.0,50,Low
9225-789,Jennifer Johnson,Male,0.0,71.0,86.0,89.74,2023_T1,52.333333333333336,0,Medium
1752-510,Patricia Moore,Male,85.0,24.0,81.0,76.28,2023_T2,63.333333333333336,0,Medium
6362-188,Robert Brown,Female,11.0,5.0,89.0,74.47,2023_T1,35.0,51,Low
5777-677,Jennifer Jones,Female,82.0,64.0,56.0,96.3,2024_T1,67.33333333333333,0,High
8600-477,Elizabeth Jones,Female,98.0,39.0,13.0,73.25,2023_T1,50.0,50,Low
3466-106,William Jones,Female,83.0,55.0,48.0,84.43,2023_T1,62.0,0,Medium
6675-751,Patricia Moore,Male,48.0,45.0,61.0,80.66,2023_T2,51.333333333333336,0,Medium
6038-206,James Miller,Male,19.0,96.0,89.0,93.33,2024_T1,68.0,0,High
9061-161,Patricia Miller,Male,48.0,63.0,61.0,78.51,2024_T1,57.333333333333336,0,Medium
1719-337,Robert Johnson,Female,53.0,8.0,87.0,75.87,2024_T1,49.333333333333336,0,Medium
2391-694,Jennifer Wilson,Male,40.0,16.0,87.0,63.48,2024_T1,47.666666666666664,50,Low
2226-706,John Miller,Male,58.0,38.0,54.0,81.26,2023_T2,50.0,0,Medium
5778-367,John Jones,Female,12.0,63.0,10.0,94.97,2023_T2,28.333333333333332,1,High
8417-378,Jennifer Davis,Male,10.0,76.0,45.0,61.79,2023_T1,43.666666666666664,50,Low
2785-259,Patricia Williams,Male,39.0,18.0,75.0,66.61,2023_T1,44.0,50,Low
6145-516,Linda Wilson,Male,60.0,11.0,60.0,95.29,2024_T1,43.666666666666664,0,High
8404-415,Jennifer Jones,Female,44.0,89.0,91.0,72.37,2023_T2,74.66666666666667,50,Low
3582-926,Mary Johnson,Female,7.0,24.0,90.0,92.85,2024_T1,40.333333333333336,0,High
4522-955,Elizabeth Smith,Female,29.0,46.0,86.0,60.08,2023_T1,53.666666666666664,50,Low
6828-505,Mary Jones,Male,83.0,81.0,17.0,61.62,2024_T1,60.333333333333336,50,Low
3848-131,Robert Brown,Female,93.0,32.0,35.0,64.58,2023_T2,53.333333333333336,50,Low
5093-196,William Moore,Female,18.0,27.0,39.0,74.76,2023_T1,28.0,51,Low
1195-163,John Johnson,Male,96.0,75.0,14.0,90.05,2023_T1,61.666666666666664,0,High
7098-802,Patricia Miller,Male,1.0,62.0,28.0,89.99,2024_T1,30.333333333333332,1,Medium
2228-122,Elizabeth Brown,Male,65.0,50.0,74.0,87.15,2023_T1,63.0,0,Medium
2506-967,Linda Williams,Female,13.0,81.0,50.0,83.95,2023_T1,48.0,0,Medium
